select * from svc_sbscr

insert into svc_sbscr (SBSCR_ID, SBSCR_NM) values
('B1000001','KADI/2019-01-19'),
('B1000002','SIMV/2019-01-11'),
('B1000003','LEVO/2019-03-22'),
('B1000004','GEOD/2019-03-08'),
('B1000005','MULT/2019-03-04'),
('B1000006','CLAR/2019-03-19'),
('B1000007','SYNT/2019-02-28'),
('B1000008','MIRU/2019-01-13'),
('B1000009','LISI/2019-01-28'),
('B1000010','CLAR/2019-02-08'),
('B1000011','TERB/2019-02-28'),
('B1000012','POLL/2019-03-12'),
('B1000013','MIRU/2019-01-04'),
('B1000014','POLL/2019-02-08'),
('B1000015','MIRU/2019-03-20'),
('B1000016','MULT/2019-03-04'),
('B1000017','MANN/2019-03-22'),
('B1000018','LEVO/2019-03-04'),
('B1000019','DILT/2019-01-28'),
('B1000020','GEOD/2019-02-21');

go

insert  into svc_svce (SVCE_ID, SVCE_NM) values
('S100001','Sage grouse'),
('S100002','Tawny eagle'),
('S100003','Trumpeter, green-winged'),
('S100004','Pampa gray fox'),
('S100005','Egyptian viper'),
('S100006','Zorro, azaras'),
('S100007','Grey phalarope'),
('S100008','Parakeet, rose-ringed'),
('S100009','Spotted deer'),
('S100010','Flightless cormorant'),
('S100011','Adouri (unidentified)'),
('S100012','Sun gazer'),
('S100013','Indian leopard'),
('S100014','Crane, black-crowned'),
('S100015','Ring dove'),
('S100016','Rufous tree pie'),
('S100017','Heron, black-crowned night'),
('S100018','Tsessebe'),
('S100019','Elk, Wapiti'),
('S100020','Giant otter'),
('S100021','Malabar squirrel');

go

insert into COM_ORG_MGT (ORG_ID, ORG_NM) values
('26eeea75-f336-4099-85e7-b6f547166064','ATLAS Shipping'),
('24e454cc-c656-4047-ac2f-1269504235d3','CyberLogitec America'),
('43c3c293-bf02-449a-b61a-89bd78ee66a6','Clarins Sunscreen Smoothing Rapid Tanning SPF10-US'),
('eadde370-fbef-483b-8359-1e6aec876324','CyberLogitec China'),
('25a15a8a-a70b-48d8-a9d5-e76980a212c4','CyberLogitec Global'),
('9e3c9f11-63ca-4d6d-b459-405e4fb64b59','CyberLogitec JP'),
('4ee6f5d4-9f95-4905-85cd-9b0c97ba0c45','CyberLogitec Korea'),
('f46374b0-d446-48b7-b3bc-69e8d3c671e1','CyberLogitec'),
('1461ec91-ff69-413a-b60a-0d74702b2a93','DILTZAC-US'),
('f8ab7efb-43ea-48d9-beb9-06ab624d048a','ESIKA 3-IN-1 PRO MAKE UP FOUNDATION SPF 20 BASE DE'),
('e728171c-9131-49dd-a0b1-5448b32af8da','First Aid Macimum Sterngth Bacitraycin Plus-US'),
('43f678d5-1613-44b9-8060-b361abb2725f','Gabapentin-US'),
('ef5e53e6-dfa3-4d9e-b565-0ea8bc718ec0','General Distributor'),
('0461717f-eda1-4f4b-88a7-51da24042f6b','Geodon-US'),
('a1e6fe69-8704-4d98-a40e-3271bf86fa5c','HAND SANITIZER-US'),
('e55ab039-1e80-4665-aa4a-2cb0e1366984','JC SQUARE US'),
('cd3dc5c2-6ff9-4c8f-83fc-01ba3541c388','Kadian-US'),
('08687ec4-9769-47da-803c-433f15914b29','Levothyroxine sodium-US'),
('6cd6ed64-5858-43b9-95ec-a696ae55097a','Lisinopril and Hydrochlorothiazide-US'),
('e540e62e-ba8b-47c6-9991-3a2cc00f8ec6','Mannitol-US'),
('b9a48f32-902a-4e79-a02e-fb96405fe5e8','Meperidine Hydrochloride-US'),
('9e30a722-82a5-4e97-b6d9-84d4c1b40405','MIRU Oriental Whitening Ampoule-US'),
('8ace0912-3028-43b4-82b3-6c1cba584d1c','Multi-Symptom Nighttime Cold-US'),
('79b64a0b-abe8-43d6-8a81-ccbd764ea65f','Pollens - Trees, Alder, Red Alnus rubra-US'),
('b878abd9-ac8e-46ba-9f82-c625289476ee','Senna Laxative-US'),
('c462cb49-96da-4f4c-b271-f9d73871eda2','Simvastatin-US'),
('9f68be40-b6bd-48d3-9047-606b6792ba79','Supreme Soft'),
('d2f84875-5733-408c-98cb-87c703b3f94f','Synthroid-US'),
('1811d885-8b1c-44f0-b24c-bd6a0dd9c24f','Terbinafine Hydrochloride-US'),
('788fa23d-8ff1-4e56-820d-8e7d5c99cf13','XtraCare Antifungal Foot-US');

go

insert into COM_USR_PRFL (USER_ID, ORG_ID, USER_NM) VALUES
('U100000','26eeea75-f336-4099-85e7-b6f547166064','smundle0'),
('U100001','24e454cc-c656-4047-ac2f-1269504235d3','fkegan1'),
('U100002','43c3c293-bf02-449a-b61a-89bd78ee66a6','kbaish2'),
('U100003','eadde370-fbef-483b-8359-1e6aec876324','tswafield3'),
('U100004','25a15a8a-a70b-48d8-a9d5-e76980a212c4','hlorkin4'),
('U100005','9e3c9f11-63ca-4d6d-b459-405e4fb64b59','lodeegan5'),
('U100006','4ee6f5d4-9f95-4905-85cd-9b0c97ba0c45','nbaskeyfield6'),
('U100007','f46374b0-d446-48b7-b3bc-69e8d3c671e1','pdunklee7'),
('U100008','1461ec91-ff69-413a-b60a-0d74702b2a93','epluthero8'),
('U100009','f8ab7efb-43ea-48d9-beb9-06ab624d048a','ividean9'),
('U100010','e728171c-9131-49dd-a0b1-5448b32af8da','ospiaggiaa'),
('U100011','43f678d5-1613-44b9-8060-b361abb2725f','msaltreseb'),
('U100012','ef5e53e6-dfa3-4d9e-b565-0ea8bc718ec0','kbantingc'),
('U100013','0461717f-eda1-4f4b-88a7-51da24042f6b','gmarietond'),
('U100014','a1e6fe69-8704-4d98-a40e-3271bf86fa5c','cragbourne'),
('U100015','e55ab039-1e80-4665-aa4a-2cb0e1366984','rmitrovicf'),
('U100016','cd3dc5c2-6ff9-4c8f-83fc-01ba3541c388','dmeffeng'),
('U100017','08687ec4-9769-47da-803c-433f15914b29','pcellierh'),
('U100018','6cd6ed64-5858-43b9-95ec-a696ae55097a','mhodgeni'),
('U100019','e540e62e-ba8b-47c6-9991-3a2cc00f8ec6','ccamilloj'),
('jipark','b9a48f32-902a-4e79-a02e-fb96405fe5e8','Jeong-Il Park'),
('stormboy','9e30a722-82a5-4e97-b6d9-84d4c1b40405','Won-Kun Jung'),
('dhwlrjs ','8ace0912-3028-43b4-82b3-6c1cba584d1c','Ji-Gun Oh'),
('hoseok','79b64a0b-abe8-43d6-8a81-ccbd764ea65f','Ho-Seok Kang'),
('jikkil','b878abd9-ac8e-46ba-9f82-c625289476ee','Jeong-Kwon Kil'),
('lsy3166','c462cb49-96da-4f4c-b271-f9d73871eda2','Su-Young Lee'),
('kdseo2016','9f68be40-b6bd-48d3-9047-606b6792ba79','Kyung-Deok Seo'),
('nate','d2f84875-5733-408c-98cb-87c703b3f94f','Hyun-Il CHOI'),
('sylvia','1811d885-8b1c-44f0-b24c-bd6a0dd9c24f','Sylvia Seah'),
('jacobkim','788fa23d-8ff1-4e56-820d-8e7d5c99cf13','Jacob Kim'),
('mjlee','26eeea75-f336-4099-85e7-b6f547166064','Min-Joo Lee'),
('mgaubert','24e454cc-c656-4047-ac2f-1269504235d3','Michelle Gaubert'),
('billpeterson','43c3c293-bf02-449a-b61a-89bd78ee66a6','Bill Peterson'),
('sdkang','eadde370-fbef-483b-8359-1e6aec876324','Sung-Duk Kang'),
('yspark','25a15a8a-a70b-48d8-a9d5-e76980a212c4','Yong-Soon Park'),
('jskim','9e3c9f11-63ca-4d6d-b459-405e4fb64b59','Jeong-Sik Kim'),
('overzeus','4ee6f5d4-9f95-4905-85cd-9b0c97ba0c45','Ki-Nam Kim'),
('c9071728','f46374b0-d446-48b7-b3bc-69e8d3c671e1','Da-Rang Lee'),
('seja1212','1461ec91-ff69-413a-b60a-0d74702b2a93','Jun-Su Lim'),
('tommyo','f8ab7efb-43ea-48d9-beb9-06ab624d048a','Jun-Ho Oh')

go

insert into SVC_BILL_PLCY (BILL_PLCY_ID, BILL_PLCY_NM) values
('P100001','CLK01'),
('P100002','CLG02'),
('P100003','CLG03'),
('P100004','CLK04'),
('P100005','CLA05'),
('P100006','CLK06'),
('P100007','CLC07'),
('P100008','CLK08'),
('P100009','CLA09'),
('P100010','CLA10'),
('P100011','CLG11'),
('P100012','CLK12'),
('P100013','CLC13'),
('P100014','CLC14'),
('P100015','CLC15'),
('P100016','CLK16'),
('P100017','CLK17'),
('P100018','CLG18'),
('P100019','CLC19'),
('P100020','CLC20')

go

insert into com_country (CNT_CD, CNT_ENG_NM) values
('AF','Afghanistan'),
('AL','Albania'),
('DZ','Algeria'),
('AS','American Samoa'),
('AD','Andorra'),
('AO','Angola'),
('AI','Anguilla'),
('AQ','Antarctica'),
('AG','Antigua and Barbuda'),
('AR','Argentina'),
('AM','Armenia'),
('AW','Aruba'),
('AU','Australia'),
('AT','Austria'),
('AZ','Azerbaijan'),
('BS','Bahamas'),
('BH','Bahrain'),
('BD','Bangladesh'),
('BB','Barbados'),
('BY','Belarus'),
('BE','Belgium'),
('BZ','Belize'),
('BJ','Benin'),
('BM','Bermuda'),
('BT','Bhutan'),
('BO','Bolivia'),
('BA','Bosnia and Herzegovina'),
('BW','Botswana'),
('BR','Brazil'),
('IO','British Indian Ocean Territory'),
('VG','British Virgin Islands'),
('BN','Brunei'),
('BG','Bulgaria'),
('BF','Burkina Faso'),
('BI','Burundi'),
('KH','Cambodia'),
('CM','Cameroon'),
('CA','Canada'),
('CV','Cape Verde'),
('KY','Cayman Islands'),
('CF','Central African Republic'),
('TD','Chad'),
('CL','Chile'),
('CN','China'),
('CX','Christmas Island'),
('CC','Cocos Islands'),
('CO','Colombia'),
('KM','Comoros'),
('CK','Cook Islands'),
('CR','Costa Rica'),
('HR','Croatia'),
('CU','Cuba'),
('CW','Curacao'),
('CY','Cyprus'),
('CZ','Czech Republic'),
('CD','Democratic Republic of the Congo'),
('DK','Denmark'),
('DJ','Djibouti'),
('DM','Dominica'),
('DO','Dominican Republic'),
('TL','East Timor'),
('EC','Ecuador'),
('EG','Egypt'),
('SV','El Salvador'),
('GQ','Equatorial Guinea'),
('ER','Eritrea'),
('EE','Estonia'),
('ET','Ethiopia'),
('FK','Falkland Islands'),
('FO','Faroe Islands'),
('FJ','Fiji'),
('FI','Finland'),
('FR','France'),
('PF','French Polynesia'),
('GA','Gabon'),
('GM','Gambia'),
('GE','Georgia'),
('DE','Germany'),
('GH','Ghana'),
('GI','Gibraltar'),
('GR','Greece'),
('GL','Greenland'),
('GD','Grenada'),
('GU','Guam'),
('GT','Guatemala'),
('GG','Guernsey'),
('GN','Guinea'),
('GW','Guinea-Bissau'),
('GY','Guyana'),
('HT','Haiti'),
('HN','Honduras'),
('HK','Hong Kong'),
('HU','Hungary'),
('IS','Iceland'),
('IN','India'),
('ID','Indonesia'),
('IR','Iran'),
('IQ','Iraq'),
('IE','Ireland'),
('IM','Isle of Man'),
('IL','Israel'),
('IT','Italy'),
('CI','Ivory Coast'),
('JM','Jamaica'),
('JP','Japan'),
('JE','Jersey'),
('JO','Jordan'),
('KZ','Kazakhstan'),
('KE','Kenya'),
('KI','Kiribati'),
('XK','Kosovo'),
('KW','Kuwait'),
('KG','Kyrgyzstan'),
('LA','Laos'),
('LV','Latvia'),
('LB','Lebanon'),
('LS','Lesotho'),
('LR','Liberia'),
('LY','Libya'),
('LI','Liechtenstein'),
('LT','Lithuania'),
('LU','Luxembourg'),
('MO','Macau'),
('MK','Macedonia'),
('MG','Madagascar'),
('MW','Malawi'),
('MY','Malaysia'),
('MV','Maldives'),
('ML','Mali'),
('MT','Malta'),
('MH','Marshall Islands'),
('MR','Mauritania'),
('MU','Mauritius'),
('YT','Mayotte'),
('MX','Mexico'),
('FM','Micronesia'),
('MD','Moldova'),
('MC','Monaco'),
('MN','Mongolia'),
('ME','Montenegro'),
('MS','Montserrat'),
('MA','Morocco'),
('MZ','Mozambique'),
('MM','Myanmar'),
('NA','Namibia'),
('NR','Nauru'),
('NP','Nepal'),
('NL','Netherlands'),
('AN','Netherlands Antilles'),
('NC','New Caledonia'),
('NZ','New Zealand'),
('NI','Nicaragua'),
('NE','Niger'),
('NG','Nigeria'),
('NU','Niue'),
('KP','North Korea'),
('MP','Northern Mariana Islands'),
('NO','Norway'),
('OM','Oman'),
('PK','Pakistan'),
('PW','Palau'),
('PS','Palestine'),
('PA','Panama'),
('PG','Papua New Guinea'),
('PY','Paraguay'),
('PE','Peru'),
('PH','Philippines'),
('PN','Pitcairn'),
('PL','Poland'),
('PT','Portugal'),
('PR','Puerto Rico'),
('QA','Qatar'),
('CG','Republic of the Congo'),
('RE','Reunion'),
('RO','Romania'),
('RU','Russia'),
('RW','Rwanda'),
('BL','Saint Barthelemy'),
('SH','Saint Helena'),
('KN','Saint Kitts and Nevis'),
('LC','Saint Lucia'),
('MF','Saint Martin'),
('PM','Saint Pierre and Miquelon'),
('VC','Saint Vincent and the Grenadines'),
('WS','Samoa'),
('SM','San Marino'),
('ST','Sao Tome and Principe'),
('SA','Saudi Arabia'),
('SN','Senegal'),
('RS','Serbia'),
('SC','Seychelles'),
('SL','Sierra Leone'),
('SG','Singapore'),
('SX','Sint Maarten'),
('SK','Slovakia'),
('SI','Slovenia'),
('SB','Solomon Islands'),
('SO','Somalia'),
('ZA','South Africa'),
('KR','South Korea'),
('SS','South Sudan'),
('ES','Spain'),
('LK','Sri Lanka'),
('SD','Sudan'),
('SR','Suriname'),
('SJ','Svalbard and Jan Mayen'),
('SZ','Swaziland'),
('SE','Sweden'),
('CH','Switzerland'),
('SY','Syria'),
('TW','Taiwan'),
('TJ','Tajikistan'),
('TZ','Tanzania'),
('TH','Thailand'),
('TG','Togo'),
('TK','Tokelau'),
('TO','Tonga'),
('TT','Trinidad and Tobago'),
('TN','Tunisia'),
('TR','Turkey'),
('TM','Turkmenistan'),
('TC','Turks and Caicos Islands'),
('TV','Tuvalu'),
('VI','U.S. Virgin Islands'),
('UG','Uganda'),
('UA','Ukraine'),
('AE','United Arab Emirates'),
('GB','United Kingdom'),
('US','United States'),
('UY','Uruguay'),
('UZ','Uzbekistan'),
('VU','Vanuatu'),
('VA','Vatican'),
('VE','Venezuela'),
('VN','Vietnam'),
('WF','Wallis and Futuna'),
('EH','Western Sahara'),
('YE','Yemen'),
('ZM','Zambia'),
('ZW','Zimbabwe')


go

insert into com_sub_division (DIV_SUB_CD, DIV_SUB_NM, CNT_CD) values
('US-KY','Kentucky','US'),
('US-LA','Louisiana','US'),
('US-MA','Massachusetts','US'),
('US-MD','Maryland','US'),
('US-ME','Maine','US'),
('US-MI','Michigan','US'),
('US-MN','Minnesota','US'),
('US-MO','Missouri','US'),
('US-MS','Mississippi','US'),
('US-MT','Montana','US'),
('US-NC','North Carolina','US'),
('US-ND','North Dakota','US'),
('US-NE','Nebraska','US'),
('US-NH','New Hampshire','US'),
('US-NJ','New Jersey','US'),
('US-NM','New Mexico','US'),
('US-NV','Nevada','US'),
('US-NY','New York','US'),
('US-OH','Ohio','US'),
('US-OK','Oklahoma','US'),
('US-OR','Oregon','US'),
('US-PA','Pennsylvania','US'),
('US-RI','Rhode Island','US'),
('US-SC','South Carolina','US'),
('US-SD','South Dakota','US'),
('US-TN','Tennessee','US'),
('US-TX','Texas','US'),
('US-UT','Utah','US'),
('US-VA','Virginia','US'),
('US-VT','Vermont','US'),
('US-WA','Washington','US'),
('US-WI','Wisconsin','US'),
('US-WV','West Virginia','US'),
('US-WY','Wyoming','US'),
('UY-AR','Artigas','UY'),
('UY-CA','Canelones','UY'),
('UY-CL','Cerro Largo','UY'),
('UY-CO','Colonia','UY'),
('UY-DU','Durazno','UY'),
('UY-FD','Florida','UY'),
('UY-FS','Flores','UY'),
('UY-LA','Lavalleja','UY'),
('UY-MA','Maldonado','UY'),
('UY-MO','Montevideo','UY'),
('UY-PA','Paysandu','UY'),
('UY-RN','Rio Negro','UY'),
('UY-RO','Rocha','UY'),
('UY-RV','Rivera','UY'),
('UY-SA','Salto','UY'),
('UY-SJ','San Jose','UY'),
('UY-SO','Soriano','UY'),
('UY-TA','Tacuarembo','UY'),
('UY-TT','Treinta y Tres','UY'),
('UZ-AN','Andijon','UZ'),
('UZ-BU','Buxoro','UZ'),
('UZ-FA','Farg''ona','UZ'),
('UZ-JI','Jizzax','UZ'),
('UZ-NG','Namangan','UZ'),
('UZ-NW','Navoiy','UZ'),
('UZ-QA','Qashqadaryo','UZ'),
('UZ-QR','Qoraqalpog''iston Respublikasi','UZ'),
('UZ-SA','Samarqand','UZ'),
('UZ-SI','Sirdaryo','UZ'),
('UZ-SU','Surxondaryo','UZ'),
('UZ-TK','Toshkent','UZ'),
('UZ-XO','Xorazm','UZ'),
('VC-01','Charlotte','VC'),
('VC-03','Saint David','VC'),
('VC-04','Saint George','VC'),
('VC-06','Grenadines','VC'),
('VE-A','Distrito Capital','VE'),
('VE-B','Anzoategui','VE'),
('VE-C','Apure','VE'),
('VE-D','Aragua','VE'),
('VE-E','Barinas','VE'),
('VE-F','Bolivar','VE'),
('VE-G','Carabobo','VE'),
('VE-H','Cojedes','VE'),
('VE-I','Falcon','VE'),
('VE-J','Guarico','VE'),
('VE-K','Lara','VE'),
('VE-L','Merida','VE'),
('VE-M','Miranda','VE'),
('VE-N','Monagas','VE'),
('VE-O','Nueva Esparta','VE'),
('VE-P','Portuguesa','VE'),
('VE-R','Sucre','VE'),
('VE-S','Tachira','VE'),
('VE-T','Trujillo','VE'),
('VE-U','Yaracuy','VE'),
('VE-V','Zulia','VE'),
('VE-X','Vargas','VE'),
('VE-Y','Delta Amacuro','VE'),
('VE-Z','Amazonas','VE'),
('VN-01','Lai Chau','VN'),
('VN-02','Lao Cai','VN'),
('VN-03','Ha Giang','VN'),
('VN-04','Cao Bang','VN'),
('VN-05','Son La','VN'),
('VN-06','Yen Bai','VN'),
('VN-07','Tuyen Quang','VN'),
('VN-09','Lang Son','VN'),
('VN-13','Quang Ninh','VN'),
('VN-14','Hoa Binh','VN'),
('VN-18','Ninh Binh','VN'),
('VN-20','Thai Binh','VN'),
('VN-21','Thanh Hoa','VN'),
('VN-22','Nghe An','VN'),
('VN-23','Ha Tinh','VN'),
('VN-24','Quang Binh','VN'),
('VN-25','Quang Tri','VN'),
('VN-26','Thua Thien-Hue','VN'),
('VN-27','Quang Nam','VN'),
('VN-28','Kon Tum','VN'),
('VN-29','Quang Ngai','VN'),
('VN-30','Gia Lai','VN'),
('VN-31','Binh Dinh','VN'),
('VN-32','Phu Yen','VN'),
('VN-33','Dak Lak','VN'),
('VN-34','Khanh Hoa','VN'),
('VN-35','Lam Dong','VN'),
('VN-36','Ninh Thuan','VN'),
('VN-37','Tay Ninh','VN'),
('VN-39','Dong Nai','VN'),
('VN-40','Binh Thuan','VN'),
('VN-41','Long An','VN'),
('VN-43','Ba Ria - Vung Tau','VN'),
('VN-44','An Giang','VN'),
('VN-45','Dong Thap','VN'),
('VN-46','Tien Giang','VN'),
('VN-47','Kien Giang','VN'),
('VN-49','Vinh Long','VN'),
('VN-50','Ben Tre','VN'),
('VN-51','Tra Vinh','VN'),
('VN-52','Soc Trang','VN'),
('VN-53','Bac Kan','VN'),
('VN-54','Bac Giang','VN'),
('VN-55','Bac Lieu','VN'),
('VN-56','Bac Ninh','VN'),
('VN-57','Binh Duong','VN'),
('VN-58','Binh Phuoc','VN'),
('VN-59','Ca Mau','VN'),
('VN-61','Hai Duong','VN'),
('VN-63','Ha Nam','VN'),
('VN-66','Hung Yen','VN'),
('VN-67','Nam Dinh','VN'),
('VN-68','Phu Tho','VN'),
('VN-69','Thai Nguyen','VN'),
('VN-70','Vinh Phuc','VN'),
('VN-71','Dien Bien','VN'),
('VN-72','Dak Nong','VN'),
('VN-CT','Can Tho','VN'),
('VN-DN','Da Nang','VN'),
('VN-HN','Ha Noi','VN'),
('VN-HP','Hai Phong','VN'),
('VN-SG','Ho Chi Minh','VN'),
('VU-SAM','Sanma','VU'),
('VU-SEE','Shefa','VU'),
('VU-TAE','Tafea','VU'),
('WF-SG','Sigave','WF'),
('WF-UV','Uvea','WF'),
('WS-TU','Tuamasaga','WS'),
('YE-AD','''Adan','YE'),
('YE-DH','Dhamar','YE'),
('YE-HD','Hadramawt','YE'),
('YE-HU','Al Hudaydah','YE'),
('YE-SA','Amanat al ''Asimah','YE'),
('YE-SH','Shabwah','YE'),
('ZA-EC','Eastern Cape','ZA'),
('ZA-FS','Free State','ZA'),
('ZA-GT','Gauteng','ZA'),
('ZA-LP','Limpopo','ZA'),
('ZA-MP','Mpumalanga','ZA'),
('ZA-NC','Northern Cape','ZA'),
('ZA-NL','Kwazulu-Natal','ZA'),
('ZA-NW','North-West','ZA'),
('ZA-WC','Western Cape','ZA'),
('ZM-01','Western','ZM'),
('ZM-02','Central','ZM'),
('ZM-03','Eastern','ZM'),
('ZM-04','Luapula','ZM'),
('ZM-05','Northern','ZM'),
('ZM-06','North-Western','ZM'),
('ZM-07','Southern','ZM'),
('ZM-08','Copperbelt','ZM'),
('ZM-09','Lusaka','ZM'),
('ZW-BU','Bulawayo','ZW'),
('ZW-HA','Harare','ZW'),
('ZW-MA','Manicaland','ZW'),
('ZW-MC','Mashonaland Central','ZW'),
('ZW-ME','Mashonaland East','ZW'),
('ZW-MI','Midlands','ZW'),
('ZW-MN','Matabeleland North','ZW'),
('ZW-MS','Matabeleland South','ZW'),
('ZW-MV','Masvingo','ZW'),
('ZW-MW','Mashonaland West','ZW')

go

insert into com_location (CNT_LOC_CD, LOC_NM, CNT_CD, DIV_SUB_CD) values 
('ATGNA','Gnas','AT','AT-6'),
('ATGND','Grunddorf','AT','AT-3'),
('ATGNF','Ganserndorf','AT','AT-3'),
('ATGNR','Geinberg','AT',''),
('ATGNS','Gnesau','AT','AT-2'),
('ATGNZ','Granz','AT',''),
('ATGOE','Gotzis','AT','AT-8'),
('ATGOF','Gossendorf','AT','AT-6'),
('ATGOL','Gols','AT','AT-1'),
('ATGOT','Gotzendorf','AT','AT-3'),
('ATGOW','Goldworth','AT','AT-4'),
('ATGPF','Grosspetersdorf','AT','AT-1'),
('ATGPK','Gumpoldskirchen','AT',''),
('ATGPN','Gampern','AT','AT-4'),
('ATGRA','Grafenstein','AT',''),
('ATGRF','Gosdorf','AT','AT-6'),
('ATGRG','Grodig','AT','AT-5'),
('ATGRI','Griffen','AT',''),
('ATGRL','Gramatneusiedl','AT',''),
('ATGRM','Grossraming','AT','AT-4'),
('ATGRN','Grein','AT',''),
('ATGRO','Grossenzersdorf/Wien','AT','AT-9'),
('ATGRR','Grobssklein','AT','AT-6'),
('ATGRS','Geras','AT','AT-3'),
('ATGRT','Gramastetten','AT','AT-4'),
('ATGRU','Gross Sankt Florian','AT','AT-6'),
('ATGRZ','Graz','AT','AT-6'),
('ATGS2','Gofis','AT','AT-8'),
('ATGSB','Gottlesbrunn','AT','AT-3'),
('ATGSD','Gleisdorf','AT',''),
('ATGSF','Gaspoltshofen','AT',''),
('ATGSG','Gosing','AT','AT-3'),
('ATGSH','Gross-Siegharts','AT','AT-3'),
('ATGSN','Gutenstein','AT',''),
('ATGSS','Gussing','AT',''),
('ATGST','Gleinstatten','AT','AT-6'),
('ATGSU','Grossschonau','AT','AT-3'),
('ATGTD','Gattendorf','AT','AT-1'),
('ATGTL','Grossriedenthal','AT','AT-3'),
('ATGTN','Gresten','AT','AT-3'),
('ATGTR','Geretsberg','AT','AT-4'),
('ATGTW','Gratwein','AT','AT-6'),
('ATGUK','Gunskirchen','AT',''),
('ATGUN','Guntramsdorf','AT',''),
('ATGUT','Gurten','AT','AT-4'),
('ATGWD','Grosswiesendorf','AT','AT-3'),
('ATGWF','Grossweikersdorf','AT','AT-3'),
('ATGZR','Gross Gerungs','AT',''),
('ATGZS','Grinzens','AT','AT-7'),
('ATH3H','Hohenwarth','AT','AT-3'),
('ATHAB','Haibach','AT','AT-4'),
('ATHAC','Haugschlag','AT','AT-3'),
('ATHAD','Haid','AT',''),
('ATHAE','Haringsee','AT',''),
('ATHAG','Haag','AT',''),
('ATHAH','Haag am Hausruck','AT','AT-4'),
('ATHAL','Hall','AT','AT-6'),
('ATHAR','Harmannsdorf','AT','AT-3'),
('ATHAU','Hohenau an der March','AT',''),
('ATHBG','Handenberg','AT','AT-4'),
('ATHBH','Hobenbach','AT','AT-3'),
('ATHBL','Hinterbruhl','AT','AT-3'),
('ATHBR','Hohenberg','AT','AT-3'),
('ATHBZ','Horbranz','AT','AT-8'),
('ATHCH','Haslach','AT','AT-4'),
('ATHDR','Hofstatten An Der Raab','AT','AT-6'),
('ATHDT','Hofkirchen an der Trattnach','AT','AT-4'),
('ATHEC','Heidenreichstein','AT',''),
('ATHED','Herzogsdorf','AT','AT-4'),
('ATHEI','Heiligenkreuz','AT','AT-3'),
('ATHEL','Helfenberg','AT','AT-4'),
('ATHEO','Henndorf am Wallersee','AT',''),
('ATHER','Herzogenburg','AT',''),
('ATHFL','Hieflau','AT','AT-6'),
('ATHFN','Hofen','AT','AT-7'),
('ATHFS','Heinfels','AT','AT-7'),
('ATHGB','Hagenbrunn','AT','AT-3'),
('ATHHG','Hirschegg','AT','AT-8'),
('ATHHN','Haidershofen','AT','AT-4'),
('ATHIA','Hainburg','AT',''),
('ATHIG','Hirschwang','AT','AT-3'),
('ATHIH','Hoheneich','AT','AT-3'),
('ATHIM','Hilm','AT','AT-3'),
('ATHIR','Hirschegg Rein','AT','AT-6'),
('ATHIT','Hall in Tirol','AT','AT-7'),
('ATHKM','Hadersdorf-Kammern','AT','AT-3'),
('ATHKN','Hartkirchen','AT','AT-4'),
('ATHKR','Heiligenkreuz','AT','AT-1'),
('ATHKZ','Heiligenkreuz','AT','AT-4'),
('ATHLB','Hollersbach','AT','AT-6'),
('ATHLD','Muhldorf','AT','AT-3'),
('ATHLG','Hallwang','AT','AT-5'),
('ATHLL','Hallein','AT',''),
('ATHLM','Haslach an der Muhl','AT','AT-4'),
('ATHLT','Hallstatt','AT','AT-4'),
('ATHLZ','Holzberg','AT','AT-6'),
('ATHMD','Hetzmannsdorf','AT','AT-3'),
('ATHME','Hausmenning','AT','AT-3'),
('ATHMG','Hermagor','AT',''),
('ATHMN','Hausmannstatten','AT','AT-6'),
('ATHNN','Hennersdorf','AT','AT-3'),
('ATHNT','Hofkirchen im Traunkreis','AT','AT-4'),
('ATHOC','Hochfilzen','AT','AT-7'),
('ATHOF','Hopfgarten','AT','AT-6'),
('ATHOG','Honigsberg','AT','AT-6'),
('ATHOH','Hohenems','AT','AT-8'),
('ATHOL','Hollabrunn','AT',''),
('ATHOM','Hofkirchen im Muhlkreis','AT','AT-4'),
('ATHON','Hohenruppersdorf','AT',''),
('ATHOP','Hopfgarten im Brixental','AT','AT-7'),
('ATHOR','Horn','AT',''),
('ATHOT','Horitschon','AT',''),
('ATHRD','Hard','AT',''),
('ATHRH','Horsching','AT','AT-4'),
('ATHRM','Hirm','AT','AT-1'),
('ATHRS','Hadres','AT','AT-3'),
('ATHRT','Hartl','AT','AT-6'),
('ATHSE','Hornstein','AT','AT-1'),
('ATHSN','Hansenhutte','AT',''),
('ATHST','Hochst','AT','AT-8'),
('ATHTA','Hartberg','AT','AT-6'),
('ATHTE','Hirtenberg','AT',''),
('ATHTZ','Hitzendorf','AT','AT-6'),
('ATHUT','Huttau','AT','AT-5'),
('ATHZD','Haitzendorf','AT','AT-3'),
('ATHZF','Hotzelsdorf','AT','AT-3'),
('ATHZL','Heiligenkreuz im Lafnitztal','AT','AT-1'),
('ATICH','Bad Ischl','AT',''),
('ATIEG','Limberg','AT','AT-3'),
('ATIIK','Inzersdorf Im Kremstal','AT','AT-4'),
('ATILL','Illmitz','AT',''),
('ATILZ','Ilz','AT','AT-6'),
('ATIMS','Imst','AT','AT-7'),
('ATINN','Innsbruck','AT','AT-7'),
('ATINZ','Inzing','AT','AT-7'),
('ATIST','Satteins','AT','AT-8'),
('ATITN','Hausleiten','AT','AT-3'),
('ATITR','Itter','AT','AT-7'),
('ATITT','Itterdorfl','AT','AT-7'),
('ATIZG','Innermanzing','AT','AT-3'),
('ATJDB','Judenberg','AT',''),
('ATJDD','Judendorf','AT','AT-6'),
('ATJDF','Jennersdorf','AT',''),
('ATJDN','Judenburg','AT',''),
('ATJEG','Jeging','AT','AT-4'),
('ATJEN','Jenbach','AT',''),
('ATJGE','Jagerberg','AT',''),
('ATJOA','Sankt Johann im Pongau','AT',''),
('ATJOC','Joching','AT',''),
('ATJOH','Sankt Johann in Tirol','AT','AT-7'),
('ATJOS','Jois','AT',''),
('ATJPS','Japons','AT','AT-3'),
('ATJSS','Joss','AT','AT-6'),
('ATJUN','Jungholz','AT',''),
('ATJZS','Jerzens','AT','AT-7'),
('ATK2R','Karlstetten','AT','AT-3'),
('ATK8B','Kleinhoflein','AT','AT-1'),
('ATKAB','Kaltenbach','AT','AT-7'),
('ATKAD','Kirchberg an der Raab','AT','AT-6'),
('ATKAF','Katzelsdorf','AT','AT-6'),
('ATKAL','Kallham','AT','AT-4'),
('ATKAM','Kammern im Liesingtal','AT','AT-8'),
('ATKAN','Krems an der Donau','AT','AT-3'),
('ATKAP','Kaprun','AT','AT-5'),
('ATKAR','Karlsdorf','AT',''),
('ATKAT','Riegersdorf','AT','AT-2'),
('ATKAW','Konigsbrunn am Wagram','AT','AT-3'),
('ATKBA','Kirchbach','AT',''),
('ATKBF','Kobersdorf','AT','AT-1'),
('ATKBG','Korneuburg','AT',''),
('ATKBW','Kirchberg am Wagram','AT',''),
('ATKBZ','Kolbnitz','AT','AT-2'),
('ATKCH','Kloch','AT','AT-6'),
('ATKDF','Kalsdorf','AT',''),
('ATKDM','Kraubath an der Mur','AT',''),
('ATKDO','Kammersdorf','AT','AT-3'),
('ATKDT','Kleinriedenthal','AT','AT-3'),
('ATKEU','Kotschach-Mauthen','AT',''),
('ATKFB','Kapfenberg','AT',''),
('ATKFD','Knittelfeld','AT',''),
('ATKFH','Koflach','AT',''),
('ATKFM','Kefermarkt','AT','AT-4'),
('ATKFS','Kufstein','AT',''),
('ATKFT','Kirchdorf in Tirol','AT','AT-7'),
('ATKGA','Krenglbach','AT','AT-4'),
('ATKGI','Kopfing im Innkreis','AT','AT-4'),
('ATKHH','Kirchham','AT','AT-4'),
('ATKHO','Klaffer','AT','AT-4'),
('ATKHS','Kleinharras','AT',''),
('ATKIE','Kienberg','AT',''),
('ATKIF','Kleinwiesendorf','AT','AT-3'),
('ATKII','Kirchheim im Innkreis','AT','AT-4'),
('ATKIN','Kindberg','AT',''),
('ATKIR','Kirchberg am Walde','AT',''),
('ATKIT','Kitzbuhel','AT','AT-7'),
('ATKKM','Kirchdorf an der Krems','AT','AT-4'),
('ATKL4','Kollerschlag','AT','AT-4'),
('ATKLA','Klaus','AT',''),
('ATKLD','Krollendorf','AT',''),
('ATKLG','Sankt Katharein an der Laming','AT','AT-6'),
('ATKLH','Kleinreichenbach','AT','AT-3'),
('ATKLU','Klagenfurt','AT','AT-2'),
('ATKLZ','Kirchschlag bei Linz','AT','AT-4'),
('ATKMB','Krummnussbaum','AT',''),
('ATKME','Kemeten','AT','AT-1'),
('ATKMG','Kemating','AT',''),
('ATKMK','Kematen an der Krems','AT','AT-3'),
('ATKMN','Krems in Karnten','AT','AT-2'),
('ATKMR','Kumberg','AT','AT-6'),
('ATKMS','Kremsmunster','AT',''),
('ATKN8','Sankt Lorenzen bei Knittelfeld','AT','AT-6'),
('ATKNB','Kennelbach','AT',''),
('ATKNR','Kottingbrunn','AT','AT-3'),
('ATKNS','Kleinneusiedl','AT','AT-3'),
('ATKOB','Koblach','AT','AT-8'),
('ATKOE','Kostendorf','AT','AT-5'),
('ATKOG','Koglhof','AT',''),
('ATKOH','Kohfidisch','AT',''),
('ATKOL','Kolsass','AT','AT-7'),
('ATKOP','Koppl','AT','AT-5'),
('ATKOS','Kossen','AT','AT-7'),
('ATKOT','Kottes','AT','AT-3'),
('ATKPL','Kappl','AT',''),
('ATKPO','Kleinpochlarn','AT','AT-3'),
('ATKRE','Krems','AT','AT-6'),
('ATKRI','Krieglach','AT','AT-6'),
('ATKRL','Kirchbichl','AT',''),
('ATKRM','Kleinraming','AT','AT-4'),
('ATKRO','Krobotek','AT','AT-1'),
('ATKRS','Kramsach','AT','AT-7'),
('ATKRZ','Kritzendorf','AT','AT-3'),
('ATKSE','Kittsee','AT',''),
('ATKSP','Klein Sankt Paul','AT','AT-2'),
('ATKSS','Kitzeck im Sausal','AT','AT-6'),
('ATKST','Kronstorf','AT','AT-4'),
('ATKTE','Kirchstetten','AT','AT-3'),
('ATKTF','Krottendorf','AT','AT-6'),
('ATKTN','Konigstetten','AT','AT-3'),
('ATKTP','Sankt Peter','AT','AT-2'),
('ATKTT','Kematen in Tirol','AT',''),
('ATKTU','Klosterneuburg','AT',''),
('ATKUB','Krumbach Markt','AT','AT-3'),
('ATKUC','Kuchl','AT',''),
('ATKUD','Kuhnsdorf','AT','AT-2'),
('ATKUN','Kundl','AT',''),
('ATKYB','Kematen Ybbs','AT',''),
('ATKZL','Kleinzell','AT','AT-3'),
('ATLAA','Laa an der Thaya','AT',''),
('ATLAB','Lambrechten','AT','AT-4'),
('ATLAG','Langenlois','AT',''),
('ATLAM','Oberlamm','AT','AT-6'),
('ATLAN','Landeck','AT',''),
('ATLAS','Lassing','AT','AT-6'),
('ATLAU','Launsdorf','AT',''),
('ATLBD','Leobersdorf','AT',''),
('ATLBE','Leiben','AT','AT-3'),
('ATLBN','Leoben','AT',''),
('ATLBU','Lindabrunn','AT','AT-3'),
('ATLCH','Lochen','AT','AT-4'),
('ATLCK','Lackenbach','AT','AT-1'),
('ATLCU','Lochau','AT',''),
('ATLDG','Leonding','AT',''),
('ATLDO','Ladendorf','AT','AT-3'),
('ATLDS','Loidesthal','AT','AT-3'),
('ATLEB','Lebring','AT','AT-6'),
('ATLEC','Lech','AT','AT-8'),
('ATLEI','Leibnitz','AT',''),
('ATLEN','Lend','AT',''),
('ATLEO','Leobendorf','AT',''),
('ATLEZ','Lienz','AT',''),
('ATLFD','Langenfeld','AT',''),
('ATLFT','Sankt Leonhard am Forst','AT','AT-3'),
('ATLGE','Langenlebarn','AT','AT-3'),
('ATLGN','Lengenfeld','AT','AT-3'),
('ATLGR','Langenrohr','AT','AT-3'),
('ATLGU','Lengau','AT',''),
('ATLGW','Langenwang','AT','AT-6'),
('ATLIB','Lieboch','AT','AT-6'),
('ATLIW','Lichtenau im Waldviertel','AT','AT-3'),
('ATLKI','Laakirchen','AT','AT-4'),
('ATLKN','Falkenstein','AT','AT-3'),
('ATLL6','Pollau','AT','AT-6'),
('ATLLF','Lilienfeld','AT','AT-3'),
('ATLLG','Hollenburg','AT',''),
('ATLMB','Lambach','AT',''),
('ATLMU','Sankt Lorenzen im Murztal','AT',''),
('ATLNH','Lannach','AT','AT-6'),
('ATLNT','Lavant','AT','AT-7'),
('ATLNZ','Linz','AT','AT-4'),
('ATLOB','Lohnsburg','AT',''),
('ATLOE','Lobendorf','AT','AT-3'),
('ATLOF','Lofer','AT','AT-5'),
('ATLOI','Loimersdorf','AT',''),
('ATLP4','Leithaprodersdorf','AT','AT-1'),
('ATLPB','Loipersbach','AT','AT-3'),
('ATLPD','Loipersdorf','AT','AT-3'),
('ATLPO','Leopoldsdorf (Wien)','AT','AT-3'),
('ATLPS','Lamprechtshausen','AT','AT-5'),
('ATLRR','Lieserbruecke','AT','AT-2'),
('ATLSD','Loosdorf','AT',''),
('ATLSH','Litschau','AT','AT-3'),
('ATLSN','Langenstein','AT',''),
('ATLTD','Leutzmannsdorf','AT','AT-3'),
('ATLTF','Langkampfen','AT','AT-7'),
('ATLTG','Lichtenberg','AT','AT-3'),
('ATLTH','Leutasch','AT',''),
('ATLTN','Lustenau','AT',''),
('ATLTS','Leutschach','AT','AT-6'),
('ATLTX','Hainfeld','AT','AT-3'),
('ATLTZ','Lutzmannsburg','AT','AT-1'),
('ATLUA','Lembach','AT','AT-4'),
('ATLUT','Lauterach','AT',''),
('ATLUW','Ludersdorf-Wilfersdorf','AT','AT-6'),
('ATLWN','Langwiesen','AT','AT-2'),
('ATLXE','Laxenburg','AT',''),
('ATLZD','Langenzersdorf','AT','AT-3'),
('ATLZF','Lanzendorf','AT','AT-9'),
('ATLZG','Lenzing','AT',''),
('ATLZN','Liezen','AT',''),
('ATMA5','Maria Alm am Steinernen Meer','AT','AT-5'),
('ATMAB','Marbach an der Donau','AT','AT-3'),
('ATMAI','Muhlheim','AT',''),
('ATMAK','Micheldorf am Kienberge','AT','AT-4'),
('ATMAL','Mannersdorf am Leithagebirge','AT','AT-3'),
('ATMAM','Margarethen am Moos','AT','AT-3'),
('ATMAN','Manning','AT','AT-4'),
('ATMAR','Marktl','AT',''),
('ATMAS','Maria Saal','AT','AT-2'),
('ATMAT','Mattersburg','AT',''),
('ATMAU','Mauthausen','AT',''),
('ATMBG','Moderbrugg','AT',''),
('ATMBH','Mauerbach','AT','AT-3'),
('ATMBK','Mollbrucke','AT','AT-2'),
('ATMBR','Matrei am Brenner','AT',''),
('ATMBS','Morbisch am See','AT','AT-1'),
('ATMCD','Micheldorf in Oberosterreich','AT','AT-4'),
('ATMCF','Micheldorf','AT','AT-2'),
('ATMDF','Mollersdorf, Tull an der Donau','AT','AT-3'),
('ATMDG','Munderfing','AT','AT-4'),
('ATMDO','Mariasdorf','AT','AT-1'),
('ATMDR','Mader','AT','AT-8'),
('ATMDS','Madstein','AT','AT-6'),
('ATMEE','Mehrnbach','AT','AT-4'),
('ATMEI','Meiselding','AT','AT-2'),
('ATMEL','Melk','AT',''),
('ATMEM','Mieming','AT','AT-7'),
('ATMEN','Maria Enzersdorf','AT','AT-3'),
('ATMER','Merchtrenk','AT','AT-4'),
('ATMGL','Markgrafneusiedl','AT',''),
('ATMGN','Meggenhofen','AT',''),
('ATMHE','Munichreith','AT',''),
('ATMHF','Monchhof','AT',''),
('ATMHK','Mauerkirchen','AT',''),
('ATMIC','Michelbach','AT','AT-3'),
('ATMIF','Micheldorf in Karnten','AT',''),
('ATMIK','Miklauzhof','AT',''),
('ATMIL','Mils','AT','AT-7'),
('ATMIS','Mistelbach','AT','AT-4'),
('ATMIT','Mittelberg','AT',''),
('ATMIX','Mixnitz','AT',''),
('ATMKA','Markt Allhau','AT','AT-1'),
('ATMKC','Mitterkirchen','AT','AT-4')


go

SELECT TOP 20 CNT_LOC_CD code, LOC_NM name, CONCAT('countryCd:"', CNT_CD ,'",subDivCd:"', DIV_SUB_CD,'"') addInfo FROM COM_LOCATION;